[
  {
    "firstname": "viveka",
    "middlename": "nandini",
    "lastname": "taviti",
    "username": "nandinitaviti",
    "email": "tavitinandini@gmail.com",
    "phone": "9000934017",
    "password": "nandini_000"
  },
  {
    "firstname": "yuvaraj",
    "middlename": "chowdary",
    "lastname": "kanagala",
    "username": "uvchowdary",
    "email": "uvchowdary1000@gmail.com",
    "phone": "7993084292",
    "password": "uv#123"
  },
  {
    "firstname": "Srujana",
    "middlename": "Kanala",
    "lastname": "Reddy",
    "username": "Srujanaone",
    "email": "ksrujana@gmail.com",
    "phone": "6787899001",
    "password": "Srujana@123"
  },
  {
    "firstname": "Harshitha",
    "middlename": "Vennapusa",
    "lastname": "Reddy",
    "username": "Harshithaone",
    "email": "harshitha12@gmail.com",
    "phone": "4567898760",
    "password": "Harsh@123"
  },
  {
    "middlename": "reddy",
    "lastname": "tatireddy",
    "username": "himmu",
    "email": "himaja@gmail.com",
    "phone": "8346793861",
    "password": "himmusqr"
  },
  {
    "middlename": "reddy",
    "lastname": "K",
    "username": "SHREY",
    "email": "shrey@gmail.com",
    "phone": "1234567890",
    "password": "Shrey@001"
  },
  {
    "firstname": "sathwik",
    "middlename": "sai",
    "lastname": "taviti",
    "username": "sathwiktaviti",
    "email": "sathwik@gmail.com",
    "phone": "7393774973",
    "password": "$2b$10$FBgEWb3/SzYbCHluDLHVSe2B8utBcZfBvR.2ETsSRqX.sJ4zfvMLW"
  },
  {
    "firstname": "indira",
    "middlename": "sai",
    "lastname": "thumu",
    "username": "indira",
    "email": "indu@gmail.com",
    "phone": "6383948933",
    "password": "$2b$10$WCRYLMe86GX0YB1p9EpVh.frpTffzz9gfipARld9d1l610f/rt2Ii"
  }
]